{
  "products": [
    {
      "id": 1,
      "name": "Computer",
      "price": 5600,
      "checked": false
    },
    {
      "id": 2,
      "name": "Printer",
      "price": 9600,
      "checked": true
    },
    {
      "id": 3,
      "name": "Smart Phone",
      "price": 8600,
      "checked": false
    },
    {
      "name": "nabila",
      "price": "1233",
      "checked": false,
      "id": 4
    },
    {
      "name": "nabila",
      "price": "1233",
      "checked": true,
      "id": 5
    },
    {
      "name": "nabila",
      "price": "1233",
      "checked": true,
      "id": 6
    },
    {
      "name": "khadija",
      "price": "0122",
      "checked": true,
      "id": 7
    },
    {
      "name": "SANAA",
      "price": "0122",
      "checked": true,
      "id": 8
    },
    {
      "name": "k",
      "price": 0,
      "checked": false,
      "id": 9
    }
  ]
}